"team","pts_now","exp_pts","exp_rank","p_title","p_top4","p_releg","massey_rtg","exp_rtg","luck"
"Manchester City",15,81,2,45,94,0,0.58,0.41,0.17
"Brighton & Hove Albion",10,75,3.3,30,77,0,0.22,0.46,-0.24
"Arsenal",12,73,3.6,17,74,0,0.49,0.35,0.14
"Chelsea",7,65,5.4,4,44,0,0.16,0.3,-0.14
"Leeds United",9,63,6.2,2,34,0,0.31,0.27,0.04
"Brentford",9,61,6.6,1,26,0,0.2,0.21,0
"Liverpool",9,57,8.1,0,13,0,0.13,0.06,0.08
"Newcastle United",8,57,8.3,1,15,1,0.16,0.08,0.08
"Everton",9,55,8.7,0,10,0,0.1,0.09,0.01
"Hull City",8,54,9.3,0,7,0,0.17,0.13,0.04
"Manchester United",5,51,10.3,0,4,2,-0.06,-0.02,-0.05
"AFC Bournemouth",3,49,11,0,2,1,-0.07,0.02,-0.09
"Nottingham Forest",5,42,13.5,0,1,12,-0.16,-0.11,-0.05
"Sunderland",4,41,13.9,0,1,16,-0.2,-0.17,-0.03
"Ipswich Town",6,36,15.5,0,0,28,-0.15,-0.31,0.16
"Crystal Palace",4,34,16.3,0,0,40,-0.31,-0.27,-0.04
"Aston Villa",4,33,16.6,0,0,45,-0.33,-0.35,0.02
"Tottenham Hotspur",2,31,17,0,0,50,-0.39,-0.41,0.02
"Coventry City",3,31,17.1,0,0,52,-0.31,-0.35,0.04
"Fulham",2,31,17.2,0,0,52,-0.54,-0.38,-0.16
