"team","pts_now","exp_pts","exp_rank","p_title","p_top18","massey_rtg","exp_rtg","luck"
"Nashville SC",60,72,1,99,100,0.49,0.45,0.03
"Vancouver Whitecaps",50,60,3.6,1,100,0.23,0.22,0.01
"FC Dallas",47,58,5.1,0,100,0.23,0.17,0.06
"St. Louis City",47,58,5.1,0,100,0.23,0.21,0.02
"Inter Miami CF",46,57,5.6,0,100,0.22,0.16,0.06
"New England Revolution",46,57,5.9,0,100,0.16,0.15,0.02
"Chicago Fire FC",45,55,6.9,0,100,0.18,0.11,0.07
"San Jose Earthquakes",45,54,7.8,0,100,0.14,0.08,0.07
"Houston Dynamo FC",44,54,8,0,100,0.13,0.15,-0.02
"Charlotte FC",43,52,9.4,0,100,0.14,0.01,0.14
"Los Angeles FC",41,50,11,0,99,0.08,0.19,-0.11
"Philadelphia Union",39,49,12.3,0,96,0,0.02,-0.02
"Seattle Sounders FC",38,47,14.5,0,87,0,-0.09,0.1
"Colorado Rapids",36,45,15.8,0,76,-0.09,-0.06,-0.03
"FC Cincinnati",33,44,17.6,0,61,-0.02,-0.06,0.04
"LA Galaxy",36,44,17.6,0,62,-0.05,-0.04,0
"New York City FC",33,43,18.4,0,52,-0.05,0.1,-0.15
"Orlando City",34,43,18.6,0,51,-0.09,-0.15,0.06
"San Diego FC",32,42,20.1,0,37,-0.12,-0.04,-0.07
"Red Bull New York",33,42,20.2,0,36,-0.09,-0.25,0.15
"Portland Timbers",32,41,20.4,0,34,-0.14,-0.02,-0.12
"Real Salt Lake",32,41,20.7,0,30,-0.14,-0.06,-0.08
"Austin FC",31,40,22,0,22,-0.07,-0.13,0.05
"DC United",30,40,22,0,23,-0.03,-0.02,-0.02
"Toronto FC",29,39,23.4,0,13,-0.07,-0.04,-0.04
"Columbus Crew",29,38,24.1,0,9,-0.22,-0.13,-0.09
"Minnesota United",29,38,24.2,0,8,-0.16,-0.13,-0.03
"Atlanta United",27,36,25.8,0,4,-0.23,-0.15,-0.07
"CF Montreal",24,31,28.7,0,0,-0.3,-0.29,-0.01
"Sporting Kansas City",21,29,29.5,0,0,-0.37,-0.37,-0.01
