"date","home","away","win","draw","lose","kickoff_utc"
2026-10-06,"Chicago Fire FC","Vancouver Whitecaps",41,27,32,"2026-10-07T00:30:00"
2026-10-10,"Toronto FC","CF Montreal",53,24,23,"2026-10-10T17:00:00"
2026-10-10,"Chicago Fire FC","New York City FC",45,26,29,"2026-10-10T18:30:00"
2026-10-10,"Atlanta United","FC Cincinnati",43,26,30,"2026-10-10T23:30:00"
2026-10-10,"Charlotte FC","FC Dallas",41,27,32,"2026-10-10T23:30:00"
2026-10-10,"Inter Miami CF","DC United",51,25,24,"2026-10-10T23:30:00"
2026-10-10,"New England Revolution","Seattle Sounders FC",53,24,23,"2026-10-10T23:30:00"
2026-10-10,"Orlando City","Columbus Crew",45,26,29,"2026-10-10T23:30:00"
2026-10-10,"Philadelphia Union","Real Salt Lake",48,25,26,"2026-10-10T23:30:00"
2026-10-10,"Red Bull New York","San Diego FC",40,27,33,"2026-10-10T23:30:00"
2026-10-10,"Austin FC","Nashville SC",31,26,43,"2026-10-11T00:30:00"
2026-10-10,"Minnesota United","Houston Dynamo FC",38,27,35,"2026-10-11T00:30:00"
2026-10-10,"Sporting Kansas City","Portland Timbers",37,27,37,"2026-10-11T00:30:00"
2026-10-10,"Colorado Rapids","San Jose Earthquakes",42,26,31,"2026-10-11T01:30:00"
2026-10-10,"Los Angeles FC","Vancouver Whitecaps",44,26,29,"2026-10-11T02:30:00"
2026-10-11,"St. Louis City","LA Galaxy",53,24,23,"2026-10-11T23:00:00"
