"match_id","home","away","date","home_goals","away_goals","home_xg","away_xg","home_xt","away_xt","home_rtg","away_rtg"
"5070991","St. Louis City","Charlotte FC",2026-02-21,1,1,1.72,0.6,1394,967,7.26474871794872,7.09
"5070990","FC Cincinnati","Atlanta United",2026-02-21,2,0,2.16,0.35,2269,351,7.6610020242915,6.39515243902439
"5070994","DC United","Philadelphia Union",2026-02-22,1,0,1.12,0.54,790,908,7.4688967611336,6.56248434237996
"5070998","Orlando City","Red Bull New York",2026-02-22,1,2,2.41,4.64,756,3014,6.72019269776876,7.77390070921986
"5071002","Vancouver Whitecaps","Real Salt Lake",2026-02-22,1,0,1.36,0.67,1656,648,7.51752535496957,6.3349948927477
"5070992","Austin FC","Minnesota United",2026-02-22,2,2,1.71,1.63,1770,1240,7.06658906882591,6.90581466395112
"5070993","FC Dallas","Toronto FC",2026-02-22,3,2,1.61,0.99,1903,1558,7.3396126401631,6.26688888888889
"5070995","Houston Dynamo FC","Chicago Fire FC",2026-02-22,2,1,1.18,0.84,1012,1249,7.39208545269583,6.39588235294118
"5070997","Nashville SC","New England Revolution",2026-02-22,4,1,2.77,0.93,1693,1085,7.26686536485098,6.2591067761807
"5070996","Los Angeles FC","Inter Miami CF",2026-02-22,3,0,3.26,0.85,1157,2138,7.58112130479103,6.22227319062181
"5070999","Portland Timbers","Columbus Crew",2026-02-22,3,2,0.94,1.25,1008,2266,7.33124872057318,6.84118069815195
"5071000","San Diego FC","CF Montreal",2026-02-22,5,0,1.61,0.33,2326,571,7.71948012232416,5.49146031746032
"5071001","San Jose Earthquakes","Sporting Kansas City",2026-02-22,3,0,3.03,0.45,1884,893,7.51170081967213,6.33607684529828
"5071003","LA Galaxy","New York City FC",2026-02-23,1,1,0.36,1.35,654,1823,6.90984407484408,7.05231237322515
"5071004","Seattle Sounders FC","Colorado Rapids",2026-02-23,2,0,1.09,0.6,1293,732,7.53871428571429,6.19284412955466
"5071005","Chicago Fire FC","CF Montreal",2026-02-28,3,0,3.05,0.1,1360,644,7.42052410901467,6.55587878787879
"5071008","Red Bull New York","New England Revolution",2026-02-28,1,0,0.96,0.37,3168,611,7.5285,6.54386036960986
"5071006","Colorado Rapids","Portland Timbers",2026-02-28,2,0,1.79,1.11,1990,920,7.75697722567288,6.2020414507772
"5071007","Minnesota United","FC Cincinnati",2026-02-28,1,0,2.02,0.83,1365,2041,7.36210953346856,6.97022471910112
"5071014","Real Salt Lake","Seattle Sounders FC",2026-03-01,2,1,1.68,1.5,1249,2136,7.43283095723014,6.58545918367347
"5071015","San Jose Earthquakes","Atlanta United",2026-03-01,2,0,2.83,0.83,1750,1315,7.38825910931174,6.30434343434343
"5071010","FC Dallas","Nashville SC",2026-03-01,0,0,0.68,0.49,811,1115,6.99120812182741,6.83978461538462
"5071011","Houston Dynamo FC","Los Angeles FC",2026-03-01,0,2,0.69,1.83,756,2477,6.30173014145811,7.69225077081192
"5071012","Sporting Kansas City","Columbus Crew",2026-03-01,2,2,1.49,3.15,1391,2048,7.10544989775051,7.07443425076453
"5071016","Vancouver Whitecaps","Toronto FC",2026-03-01,3,0,2.94,0.35,1446,476,7.63164453524004,6.2505737704918
"5071013","LA Galaxy","Charlotte FC",2026-03-01,3,0,2.99,0.18,2129,466,7.64665987780041,5.89836363636364
"5071009","Austin FC","DC United",2026-03-01,1,0,1.49,0.26,1642,1023,7.21316481294237,6.62716885743175
"5071017","Philadelphia Union","New York City FC",2026-03-01,1,2,2.07,2.43,2170,1182,6.86744615384615,7.60061538461538
"5071018","Orlando City","Inter Miami CF",2026-03-02,2,4,0.81,1.82,662,2051,6.34553643724696,7.28029322548028
"5071019","San Diego FC","St. Louis City",2026-03-02,2,0,0.86,0.41,2716,680,7.5889979757085,6.40908080808081
"5071022","New York City FC","Orlando City",2026-03-07,5,0,2.4,0.16,2637,291,7.76450861195542,5.57393013100437
"5071020","DC United","Inter Miami CF",2026-03-07,1,2,1.6,0.95,1230,756,6.33692150866463,7.50830971659919
"5071023","Atlanta United","Real Salt Lake",2026-03-08,2,3,1.39,1.54,2064,751,6.73512170385396,7.30379772961816
"5071024","Charlotte FC","Austin FC",2026-03-08,3,1,3.45,0.1,2450,199,7.51620829120324,6.32816216216216
"5071027","Columbus Crew","Chicago Fire FC",2026-03-08,0,0,1.51,0.87,1353,1126,7.0720404040404,7.06817997977755
"5071031","Philadelphia Union","San Jose Earthquakes",2026-03-08,0,1,1.18,0.88,2474,1147,6.67725050916497,7.42203285420945
"5071030","Nashville SC","Minnesota United",2026-03-08,3,1,1.33,0.89,1241,1684,7.44360488798371,6.52159877800407
"5071028","Sporting Kansas City","San Diego FC",2026-03-08,0,1,0.36,1.86,432,2973,6.70141557128412,7.52820850202429
"5071032","St. Louis City","Seattle Sounders FC",2026-03-08,0,1,0.66,1.13,2640,589,6.67153846153846,7.36278571428571
"5071026","Colorado Rapids","LA Galaxy",2026-03-08,4,1,2.14,0.95,1361,1674,7.37739393939394,6.26965993623804
"5071029","Los Angeles FC","FC Dallas",2026-03-08,1,0,0.93,1.2,1475,1233,7.49590495449949,6.81387651821862
"5071034","Portland Timbers","Vancouver Whitecaps",2026-03-08,1,4,0.5,3.11,616,1773,6.05600407747197,7.48655207280081
"5071033","Red Bull New York","CF Montreal",2026-03-08,0,3,0.65,1.92,2430,391,6.13858307849133,7.58938587512794
"5071025","FC Cincinnati","Toronto FC",2026-03-08,0,1,0.99,0.73,1458,1105,6.6030518819939,7.51323559150657
"5071040","Toronto FC","Red Bull New York",2026-03-14,1,1,1.28,1.79,686,2458,7.34105209397344,6.98549039433771
"5071035","Atlanta United","Philadelphia Union",2026-03-14,3,1,2.02,2.24,871,1968,7.52004060913706,6.58186544342508
"5071037","Columbus Crew","Nashville SC",2026-03-14,0,1,0.22,1.16,1275,565,6.88351214574899,7.15357575757576
"5071036","Charlotte FC","Inter Miami CF",2026-03-14,0,0,1.08,0.98,1151,1675,7.06838809034908,6.87746464646465
"5071038","New York City FC","Colorado Rapids",2026-03-14,3,1,1.34,0.76,889,1327,7.35364004044489,6.40084188911704
"5071039","Orlando City","CF Montreal",2026-03-14,2,1,2.57,1.56,702,1875,7.17938650306748,6.82196337741607
"5071041","Chicago Fire FC","DC United",2026-03-15,1,2,1.93,1.61,2098,871,6.79773279352227,7.46518781725888
"5071042","FC Dallas","San Diego FC",2026-03-15,3,3,2.71,2.04,1513,1038,7.10589847715736,6.94443434343434
"5071043","Houston Dynamo FC","Portland Timbers",2026-03-15,3,2,1.2,2.37,2209,948,7.54419387755102,6.47458038422649
"5071044","LA Galaxy","Sporting Kansas City",2026-03-15,1,2,2.03,0.73,2799,411,6.71324242424242,7.29313765182186
"5071046","Real Salt Lake","Austin FC",2026-03-15,2,1,2.15,0.61,3253,412,7.36466870540265,6.57852376137513
"5071045","Los Angeles FC","St. Louis City",2026-03-15,2,0,0.82,1.15,1559,1604,7.41456300813008,6.34978417266187
"5071048","New England Revolution","FC Cincinnati",2026-03-15,6,1,1.88,1.04,1945,1141,7.86914460285132,6.06003121748179
"5071047","Vancouver Whitecaps","Minnesota United",2026-03-15,6,0,4,1.14,1839,882,7.95212121212121,5.8504582484725
"5071049","San Jose Earthquakes","Seattle Sounders FC",2026-03-15,0,1,2.35,0.51,3313,449,6.63760364004045,7.47410750507099
"5071055","Toronto FC","Columbus Crew",2026-03-21,2,1,0.92,0.84,1376,761,7.47121334681496,6.74941658137155
"5071054","Philadelphia Union","Chicago Fire FC",2026-03-21,1,2,0.84,2.22,1573,1014,6.62793939393939,7.26487854251012
"5071053","Nashville SC","Orlando City",2026-03-21,5,0,3.63,0.99,1865,1383,7.75739393939394,5.71441414141414
"5071050","Atlanta United","DC United",2026-03-21,0,0,0.31,0.17,2268,437,6.99851926977688,6.99222446916077
"5071051","Charlotte FC","Red Bull New York",2026-03-21,6,1,2.57,2.08,1442,1524,7.43431472081218,6.23393907563025
"5071057","FC Dallas","Houston Dynamo FC",2026-03-22,4,3,1.42,1.76,2197,1176,7.09825075834176,6.50841286307054
"5071058","Sporting Kansas City","Colorado Rapids",2026-03-22,1,4,0.74,4.26,635,1960,6.09490797546012,7.32760606060606
"5071059","St. Louis City","New England Revolution",2026-03-22,3,1,1.08,1.55,1810,1160,7.53814777327935,6.07650505050505
"5071056","Austin FC","Los Angeles FC",2026-03-22,0,0,0.98,1.35,1682,1329,7.00611955420466,6.99626262626263
"5071060","Vancouver Whitecaps","San Jose Earthquakes",2026-03-22,0,1,1.21,0.65,1757,826,6.71613590263692,7.03638603696099
"5071052","FC Cincinnati","CF Montreal",2026-03-22,4,3,1.61,2.04,1076,852,6.99861169102296,6.20622967479675
"5071062","New York City FC","Inter Miami CF",2026-03-22,2,3,1.25,1.43,1023,2010,6.75561151079137,7.20206060606061
"5071061","Minnesota United","Seattle Sounders FC",2026-03-22,0,0,0.75,0.62,943,2288,7.00652173913043,7.15938383838384
"5071063","Portland Timbers","LA Galaxy",2026-03-22,1,1,0.43,1.84,1073,2850,7.04763417305586,7.23873737373737
"5071064","San Diego FC","Real Salt Lake",2026-03-22,2,2,1.77,3.04,1364,1376,6.8277024291498,7.31379797979798
"5071073","Toronto FC","Colorado Rapids",2026-04-04,3,2,1.79,0.46,1881,609,7.03726793248945,6.34028856825749
"5071069","New England Revolution","CF Montreal",2026-04-04,3,0,1.77,1.21,905,2393,7.54808121827411,6.32887878787879
"5071072","Real Salt Lake","Sporting Kansas City",2026-04-04,3,1,2.55,0.48,2257,989,7.66090071647902,6.40766666666667
"5071065","Atlanta United","Columbus Crew",2026-04-04,1,3,1.24,1.46,474,2508,6.25123232323232,7.47489795918367
"5071066","Charlotte FC","Philadelphia Union",2026-04-04,2,1,1.46,1.71,1911,1567,7.37798582995951,6.72659114315139
"5071067","DC United","FC Dallas",2026-04-04,0,4,0.61,2.07,1203,1113,6.16666324435318,7.64004102564103
"5071070","New York City FC","St. Louis City",2026-04-04,1,1,1.14,1.4,1774,1187,7.16998985801217,6.83521212121212
"5071071","Red Bull New York","FC Cincinnati",2026-04-04,4,2,2,2.8,1831,1673,7.41683569979716,6.62121951219512
"5071068","Inter Miami CF","Austin FC",2026-04-05,2,2,2.94,1.68,2981,1211,7.17137791286727,6.72559595959596
"5071074","Chicago Fire FC","Nashville SC",2026-04-05,1,0,1.18,0.79,1211,1592,7.52824489795918,6.50018200202225
"5071075","Houston Dynamo FC","Seattle Sounders FC",2026-04-05,0,1,0.94,1.4,1970,1440,6.84430456852792,7.1855975485189
"5071077","Los Angeles FC","Orlando City",2026-04-05,6,0,2.65,0.72,2271,982,7.7310101010101,5.45447261663286
"5071076","LA Galaxy","Minnesota United",2026-04-05,1,2,2.03,1.41,1577,1084,6.72821031344793,7.54589823468328
"5071078","San Jose Earthquakes","San Diego FC",2026-04-05,3,0,3.76,0.47,2086,718,7.66560851926978,6.18969957081545
"5071079","Vancouver Whitecaps","Portland Timbers",2026-04-05,3,2,2.98,0.51,3048,355,7.15124236252546,6.7229633401222
"5071086","Toronto FC","FC Cincinnati",2026-04-11,1,1,0.52,0.66,1675,1335,7.00002087682672,6.70412008281574
"5071080","Austin FC","LA Galaxy",2026-04-11,1,2,0.68,0.73,1792,1043,6.4590303030303,7.28084435401831
"5071083","CF Montreal","Philadelphia Union",2026-04-11,1,2,0.96,1.07,1219,1634,6.46006160164271,7.28729896907217
"5071085","Portland Timbers","Los Angeles FC",2026-04-11,2,1,1.52,1.03,1896,557,7.42757852077001,6.69426262626263
"5071081","Charlotte FC","Nashville SC",2026-04-11,1,2,2.19,0.54,1565,1235,6.33371926229508,7.53209090909091
"5071082","Inter Miami CF","Red Bull New York",2026-04-11,2,2,2.55,1.33,2169,1073,7.26073737373737,6.90807926829268
"5071084","New England Revolution","DC United",2026-04-11,1,0,0.8,0.99,1322,1571,7.39071789686552,6.85514227642276
"5071087","Vancouver Whitecaps","New York City FC",2026-04-11,2,0,3.34,0.63,3066,956,7.58746208291203,6.51560851926978
"5071088","Chicago Fire FC","Atlanta United",2026-04-12,1,0,2.34,1.68,1150,2163,7.58939271255061,6.9115991902834
"5071091","FC Dallas","St. Louis City",2026-04-12,1,1,1.44,1.28,797,1754,7.04461851475076,6.99355623100304
"5071092","Sporting Kansas City","San Jose Earthquakes",2026-04-12,1,3,0.78,1.71,1582,1670,6.37095679012346,7.39539007092199
"5071089","Colorado Rapids","Houston Dynamo FC",2026-04-12,6,2,2.72,2.61,1631,1624,7.54453535353535,6.03263265306123
"5071093","San Diego FC","Minnesota United",2026-04-12,1,2,1.57,2.17,1630,1625,6.9337843551797,7.44577868852459
"5071090","Columbus Crew","Orlando City",2026-04-12,1,1,1.54,0.61,2365,611,7.12454918032787,6.95230303030303
"5071095","Vancouver Whitecaps","Sporting Kansas City",2026-04-18,3,0,3.17,0.13,2097,684,7.62662898252826,6.07171225937183
"5071104","Toronto FC","Austin FC",2026-04-18,3,3,3.05,1.49,2276,1650,7.02325581395349,6.79246963562753
"5071099","CF Montreal","Red Bull New York",2026-04-18,4,1,2.9,1,711,2027,7.40662601626016,6.1730303030303
"5071098","Colorado Rapids","Inter Miami CF",2026-04-18,2,3,1.69,1.18,1426,559,6.57737270875764,6.97215228426396
"5071096","Atlanta United","Nashville SC",2026-04-18,0,2,0.62,2.17,1065,1953,6.48531568228106,7.60787321063395
"5071097","FC Cincinnati","Chicago Fire FC",2026-04-18,3,3,4.12,1.75,2015,729,7.07507614213198,7.25624615384615
"5071100","New England Revolution","Columbus Crew",2026-04-18,2,1,1.23,0.95,1431,1212,7.34679187817259,6.67741116751269
"5071101","New York City FC","Charlotte FC",2026-04-18,1,2,1.76,1.04,2521,865,7.10560851926978,7.13813953488372
"5071102","Orlando City","Houston Dynamo FC",2026-04-18,0,1,1.2,1.26,1881,1465,6.60296258847321,7.19129423660263
"5071103","Philadelphia Union","DC United",2026-04-18,0,0,1.27,0.66,2710,367,7.18117171717172,7.04742424242424
"5071105","FC Dallas","LA Galaxy",2026-04-19,2,2,1.9,0.85,1652,796,6.96818556701031,7.00659595959596
"5071106","Minnesota United","Portland Timbers",2026-04-19,2,0,2.45,1.54,2051,1257,7.63212550607287,6.51163636363636
"5071107","Real Salt Lake","San Diego FC",2026-04-19,4,2,3.21,1.9,1836,1173,7.51175152749491,6.13039634146342
"5071108","Seattle Sounders FC","St. Louis City",2026-04-19,4,1,1.71,0.6,1644,1493,7.37851515151515,6.48822448979592
"5071109","Los Angeles FC","San Jose Earthquakes",2026-04-19,1,4,1.29,2,1299,1422,5.81764525993884,7.51682281059063
"5071112","New York City FC","FC Cincinnati",2026-04-22,4,4,1.8,1.66,2105,836,6.967911975435,6.89564598168871
"5071114","Orlando City","Charlotte FC",2026-04-22,4,1,1.52,1.36,1348,1765,7.69944275582573,6.05735353535353
"5071113","Red Bull New York","DC United",2026-04-22,4,4,1.57,3.56,1599,1912,6.80742424242424,6.97060762100927
"5071115","Toronto FC","Philadelphia Union",2026-04-22,3,3,1.43,0.83,1082,784,6.89822222222222,6.77828542094456
"5071110","Atlanta United","New England Revolution",2026-04-22,1,2,2.49,1.06,1952,1061,6.6831983805668,7.40734074823054
"5071116","FC Dallas","Minnesota United",2026-04-23,0,1,0.72,1.03,1872,677,7.05039714867617,7.26511722731906
"5071117","Houston Dynamo FC","San Diego FC",2026-04-23,1,0,1.52,1.15,336,2239,7.16123356926188,6.60612474437628
"5071119","Real Salt Lake","Inter Miami CF",2026-04-23,0,2,1.07,1.67,1075,1609,6.47365778688525,7.56272727272727
"5071111","Columbus Crew","LA Galaxy",2026-04-23,2,1,1.15,0.66,2827,444,7.55895748987854,6.37322222222222
"5071118","Los Angeles FC","Colorado Rapids",2026-04-23,0,0,0.21,0.23,464,1997,6.74338383838384,6.9604582484725
"5071120","San Jose Earthquakes","Austin FC",2026-04-23,5,1,5.36,0.83,3514,585,7.77799795709908,5.98752032520325
"5071127","Toronto FC","Atlanta United",2026-04-25,1,2,0.62,0.62,1114,1153,6.47127272727273,7.04807070707071
"5071126","CF Montreal","New York City FC",2026-04-25,1,0,0.97,0.65,1188,1714,7.20136778115502,6.47392156862745
"5071125","Minnesota United","Los Angeles FC",2026-04-25,0,1,1.91,0.8,3044,433,6.84391919191919,7.38925737538149
"5071122","Columbus Crew","Philadelphia Union",2026-04-25,2,0,1.02,0.8,1140,1547,7.2507304526749,6.28092479674797
"5071123","DC United","Orlando City",2026-04-25,3,2,1.08,0.79,881,1628,7.28070778564206,6.54434250764526
"5071121","FC Cincinnati","Red Bull New York",2026-04-25,2,0,2.87,1.45,1413,2687,7.66228513650152,6.72989847715736
"5071124","Inter Miami CF","New England Revolution",2026-04-25,1,1,2.71,1.58,2624,944,7.13891919191919,7.25962436548223
"5071128","Austin FC","Houston Dynamo FC",2026-04-26,2,0,0.86,0.76,1133,1439,7.46081799591002,6.30683299389002
"5071129","Chicago Fire FC","Sporting Kansas City",2026-04-26,5,0,3.03,0.37,2351,385,7.75514314928425,6.08973630831643
"5071130","Nashville SC","Charlotte FC",2026-04-26,4,2,1.99,1.69,1943,1047,7.38638945233266,6.09051515151515
"5071133","St. Louis City","San Jose Earthquakes",2026-04-26,2,3,2.59,1.54,2167,1010,6.9511122554068,6.97237373737374
"5071131","San Diego FC","Portland Timbers",2026-04-26,1,2,1.9,1.75,2036,699,6.50092592592593,7.37456852791878
"5071132","Seattle Sounders FC","FC Dallas",2026-04-26,2,1,1.84,0.6,1442,1430,7.43977596741344,6.98240404040404
"5071134","Vancouver Whitecaps","Colorado Rapids",2026-04-26,3,1,3.79,1.65,2733,863,7.60982670744139,6.31968237704918
"5071135","LA Galaxy","Real Salt Lake",2026-04-26,2,1,2.74,1.5,971,1747,7.4452024291498,6.67896656534954
"5071144","Toronto FC","San Jose Earthquakes",2026-05-02,1,1,0.83,1.09,1476,1352,7.10957532861476,6.95418181818182
"5071138","Sporting Kansas City","Seattle Sounders FC",2026-05-02,1,1,1.29,1.81,709,3023,6.89436991869919,7.45519348268839
"5071143","Real Salt Lake","Portland Timbers",2026-05-02,2,0,3.77,1.15,1826,1112,7.64863360323887,6.72099089989889
"5071139","Inter Miami CF","Orlando City",2026-05-02,3,4,3.14,2.26,3395,446,6.88042424242424,7.51530425963489
"5071136","Atlanta United","CF Montreal",2026-05-02,3,1,1.23,0.92,1217,1579,7.37056565656566,6.08869696969697
"5071137","Columbus Crew","Minnesota United",2026-05-02,2,3,1.02,1.22,1679,1233,6.85089887640449,7.44138523761375
"5071140","New England Revolution","Charlotte FC",2026-05-02,1,0,1.58,1.1,1754,1841,7.51880976602238,6.71400404448938
"5071142","Philadelphia Union","Nashville SC",2026-05-02,0,0,1.64,0.5,1472,1026,7.08263636363636,6.99896130346232
"5071141","Red Bull New York","FC Dallas",2026-05-02,0,2,0.85,1.63,2087,1024,6.49623601220753,7.47290192113246
"5071145","Chicago Fire FC","FC Cincinnati",2026-05-03,2,3,4.47,1.58,3413,311,6.89485338725986,7.42296645702306
"5071146","Houston Dynamo FC","Colorado Rapids",2026-05-03,1,0,0.5,0.44,738,1852,7.22520854526958,6.56464174454829
"5071148","San Diego FC","Los Angeles FC",2026-05-03,2,2,0.98,1.18,2032,747,7.22791029561672,6.53806875631952
"5071147","LA Galaxy","Vancouver Whitecaps",2026-05-03,1,1,1.38,2.61,630,2352,7.03034378159757,7.11374493927126
"5071150","New York City FC","DC United",2026-05-03,0,2,0.55,2.65,2112,465,6.82527777777778,7.61155712841254
"5071149","Austin FC","St. Louis City",2026-05-03,2,0,1.78,2.19,1614,1976,7.55900205761317,6.50113475177305
"5071156","Toronto FC","Inter Miami CF",2026-05-09,2,4,0.81,1.77,938,1901,6.31454545454545,7.48773737373737
"5071153","Chicago Fire FC","Red Bull New York",2026-05-09,1,3,0.78,1.49,2134,588,6.57419487179487,7.20824242424242
"5071154","CF Montreal","Orlando City",2026-05-09,2,0,2.31,0.64,2085,866,7.48568367346939,6.67562753036437
"5071151","Atlanta United","LA Galaxy",2026-05-09,1,2,1.06,2.14,2080,901,6.89328893442623,7.18148634984833
"5071152","Charlotte FC","FC Cincinnati",2026-05-09,2,2,2.01,1.44,2071,1040,7.05108961303462,6.75960365853659
"5071155","New England Revolution","Philadelphia Union",2026-05-09,2,1,1.05,1.27,1589,1078,7.24475227502528,6.44517171717172
"5071158","FC Dallas","Real Salt Lake",2026-05-10,3,1,2.05,0.59,694,1935,7.34167004048583,6.52033570701933
"5071159","Nashville SC","DC United",2026-05-10,2,2,2.02,1.38,2370,1250,7.04252535496957,6.87918388429752
"5071157","Colorado Rapids","St. Louis City",2026-05-10,0,1,1.33,1.94,1398,763,6.34077894736842,7.24619289340102
"5071160","Portland Timbers","Sporting Kansas City",2026-05-10,6,0,1.5,0.49,2202,764,7.78520202020202,5.32857575757576
"5071161","San Jose Earthquakes","Vancouver Whitecaps",2026-05-10,1,1,1.02,2.23,380,2912,6.97044534412955,7.12893939393939
"5071162","Seattle Sounders FC","San Diego FC",2026-05-10,1,1,2.53,1.86,3008,1018,7.22052525252525,7.24702950152594
"5071164","New York City FC","Columbus Crew",2026-05-10,3,0,1.09,1.03,1148,1939,7.71090163934426,6.33031313131313
"5071163","Minnesota United","Austin FC",2026-05-10,2,2,2.55,1.45,1782,642,7.13580612244898,6.94975584944049
"5071165","Los Angeles FC","Houston Dynamo FC",2026-05-11,1,4,1.21,0.81,2803,509,6.29676767676768,7.54602261048304
"5071166","Charlotte FC","New York City FC",2026-05-13,0,1,0.46,1.17,952,934,6.23997975708502,7.22085062240664
"5071169","CF Montreal","Portland Timbers",2026-05-13,2,2,1.65,1.62,1954,1569,7.19490355329949,7.05036998972251
"5071168","DC United","Chicago Fire FC",2026-05-13,1,3,0.71,2.11,579,1544,6.4768085106383,7.34603238866397
"5071167","FC Cincinnati","Inter Miami CF",2026-05-13,3,5,1.47,2.17,1246,2581,6.44737804878049,7.26789898989899
"5071170","New England Revolution","Nashville SC",2026-05-13,0,3,0.6,0.79,1654,939,6.01160204081633,7.49641547861507
"5071172","Orlando City","Philadelphia Union",2026-05-13,4,3,2.79,1.67,960,2131,7.22444444444444,6.84878787878788
"5071171","Red Bull New York","Columbus Crew",2026-05-13,3,2,2.83,1.48,1115,1864,7.1989847715736,6.83147959183674
"5071173","FC Dallas","Vancouver Whitecaps",2026-05-14,2,3,1.35,0.67,756,1637,6.23367676767677,7.25146216768916
"5071175","Minnesota United","Colorado Rapids",2026-05-14,0,1,1.16,0.64,2099,569,6.49252288911495,7.33277551020408
"5071174","Sporting Kansas City","LA Galaxy",2026-05-14,3,1,2.05,1.14,1479,1824,7.54483673469388,6.53241414141414
"5071179","St. Louis City","Los Angeles FC",2026-05-14,2,1,2.19,2.07,1057,2574,7.21966632962588,6.73218274111675
"5071176","Real Salt Lake","Houston Dynamo FC",2026-05-14,3,0,0.95,1.39,1180,1137,7.31477064220184,6.36981744421907
"5071177","San Diego FC","Austin FC",2026-05-14,5,0,2.51,0.66,2677,664,8.10331262939959,5.722
"5071178","Seattle Sounders FC","San Jose Earthquakes",2026-05-14,3,2,3.41,1.63,3564,751,7.24858452138493,6.50142424242424
"5071182","CF Montreal","Chicago Fire FC",2026-05-16,0,2,0.96,1.08,1936,787,6.41994923857868,7.63643434343434
"5071180","Charlotte FC","Toronto FC",2026-05-16,3,1,2.14,1.2,1679,1425,7.51142857142857,6.37309090909091
"5071181","DC United","St. Louis City",2026-05-16,1,1,1,0.94,1634,1815,6.81214141414141,6.96068756319515
"5071183","New England Revolution","Minnesota United",2026-05-16,2,1,1.75,1.81,1699,1790,7.52469325153374,6.8705493387589
"5071185","Orlando City","Atlanta United",2026-05-16,1,1,1.11,1.4,1069,1620,6.8290733197556,7.13475757575758
"5071186","Philadelphia Union","Columbus Crew",2026-05-16,1,1,1.09,0.41,1792,1061,6.90227272727273,6.94865656565657
"5071184","Red Bull New York","New York City FC",2026-05-16,1,1,2.41,1.73,1462,1143,6.87479187817259,7.20175101214575
"5071187","Austin FC","Sporting Kansas City",2026-05-17,1,2,0.37,1.52,762,2256,6.56060975609756,7.14046843177189
"5071188","Houston Dynamo FC","Vancouver Whitecaps",2026-05-17,1,0,1.15,0.67,1606,575,7.56086823289071,6.57844629822732
"5071193","Seattle Sounders FC","LA Galaxy",2026-05-17,0,2,1.53,2.24,1927,1048,6.51374747474747,7.55733197556008
"5071190","Real Salt Lake","Colorado Rapids",2026-05-17,2,1,1.55,0.44,1962,1257,7.37040526849037,6.57797764227642
"5071191","San Diego FC","FC Cincinnati",2026-05-17,3,3,1.87,2.25,2787,628,7.02802831142568,6.84140546006067
"5071192","San Jose Earthquakes","FC Dallas",2026-05-17,2,3,1.96,2.75,1793,1831,6.68824242424242,7.19475460122699
"5071189","Inter Miami CF","Portland Timbers",2026-05-17,2,0,4,1.09,1623,1299,7.58036923076923,6.61568667344863
"5071194","Nashville SC","Los Angeles FC",2026-05-18,3,2,0.63,2.14,1127,2033,7.37590398365679,6.73239958805355
"5071198","St. Louis City","Austin FC",2026-05-23,3,0,1.04,0.33,1129,1766,7.6607200811359,6.05892929292929
"5071203","Minnesota United","Real Salt Lake",2026-05-23,1,1,0.94,0.33,1797,882,6.83495901639344,7.0060162601626
"5071195","Charlotte FC","New England Revolution",2026-05-23,1,0,2.02,0.73,1372,2265,7.25457023060797,6.8438578680203
"5071197","DC United","CF Montreal",2026-05-23,4,4,2.61,2.81,2081,1462,6.85989888776542,7.10728282828283
"5071196","FC Cincinnati","Orlando City",2026-05-23,6,2,3.58,2.15,2232,1115,7.77548254620123,6.33793908629442
"5071199","Chicago Fire FC","Toronto FC",2026-05-24,2,1,1.6,1.42,1460,1194,7.1282406471183,6.71338430173293
"5071204","Nashville SC","New York City FC",2026-05-24,2,1,0.93,1.49,1400,886,7.40122345803842,6.36373469387755
"5071201","Sporting Kansas City","Red Bull New York",2026-05-24,1,2,2.17,1.1,2144,880,6.75063136456212,7.40058585858586
"5071200","Colorado Rapids","FC Dallas",2026-05-24,1,2,1.6,1.76,2333,314,6.95444444444444,7.03764585465711
"5071205","Portland Timbers","San Jose Earthquakes",2026-05-24,1,3,2.02,0.7,2169,975,6.61181352459016,7.25443991853361
"5071206","San Diego FC","Vancouver Whitecaps",2026-05-24,2,4,0.86,4.67,312,2535,6.30577479338843,7.17588477366255
"5071202","LA Galaxy","Houston Dynamo FC",2026-05-24,1,1,2.59,0.81,2338,1146,7.1130101010101,6.98113705583756
"5071207","Columbus Crew","Atlanta United",2026-05-24,2,0,2.06,1.14,1735,1174,7.4779633401222,6.45518181818182
"5071208","Inter Miami CF","Philadelphia Union",2026-05-24,6,4,5.51,3.95,2049,1016,7.77825557809331,6.25898565573771
"5071209","Los Angeles FC","Seattle Sounders FC",2026-05-25,1,0,2.01,1.59,2002,1645,7.55783095723014,6.82595141700405
"5071210","CF Montreal","Toronto FC",2026-07-16,0,0,0.8,0.38,1393,1487,6.92470647773279,6.94158585858586
"5071213","St. Louis City","Sporting Kansas City",2026-07-17,3,2,2.4,1.02,1906,1041,7.10608121827411,6.60946192893401
"5071212","Seattle Sounders FC","Portland Timbers",2026-07-17,1,5,0.66,2.64,1269,1967,5.74436991869919,8.0026883910387
"5071215","Nashville SC","Atlanta United",2026-07-18,1,0,0.62,1.62,994,1762,7.17321536905966,6.63179303278689
"5071214","LA Galaxy","Los Angeles FC",2026-07-18,0,3,1,2.29,2267,746,6.20245667686035,7.575
"5071217","Columbus Crew","New York City FC",2026-07-22,1,2,1.65,1.45,1535,989,6.58534079348932,7.42430315361139
"5071216","FC Cincinnati","Vancouver Whitecaps",2026-07-22,4,3,1.52,1.8,708,2261,7.24845141700405,6.28667689161554
"5071218","Inter Miami CF","Chicago Fire FC",2026-07-22,3,2,2.29,1.84,1496,1054,7.23539086294416,6.58581135902637
"5071219","New England Revolution","Toronto FC",2026-07-22,0,0,1.04,1.41,1946,907,7.02514256619145,7.02992929292929
"5071220","Philadelphia Union","Red Bull New York",2026-07-22,3,1,3.25,0.79,2103,1197,7.56924489795918,6.4340101010101
"5071222","Charlotte FC","Atlanta United",2026-07-23,2,2,3.07,1.6,1496,979,7.02504568527919,7.04705102040816
"5071224","Houston Dynamo FC","DC United",2026-07-23,1,1,1.2,0.86,2377,204,7.1241784989858,6.63446356275304
"5071228","Nashville SC","CF Montreal",2026-07-23,1,0,1.89,0.76,1747,1100,7.36174089068826,6.38277551020408
"5071225","Sporting Kansas City","Minnesota United",2026-07-23,2,1,1.16,1.5,922,2254,7.47094949494949,6.70051776649746
"5071221","Austin FC","Seattle Sounders FC",2026-07-23,3,1,1.08,1.44,1381,1498,7.05050204918033,6.23066801619433
"5071223","Colorado Rapids","San Diego FC",2026-07-23,1,0,0.41,1.16,1503,792,7.12833839918946,6.61562118126273
"5071226","LA Galaxy","St. Louis City",2026-07-23,1,3,0.99,2.19,1130,1438,6.4222550052687,7.4991649694501
"5071227","Los Angeles FC","Real Salt Lake",2026-07-23,3,1,1.16,2.71,820,3061,7.24527607361963,6.8169918699187
"5071229","Portland Timbers","FC Dallas",2026-07-23,2,2,2.21,0.93,1352,957,6.90385802469136,6.949918200409
"5071230","San Jose Earthquakes","Orlando City",2026-07-23,0,4,1.18,1.61,1010,1178,5.77009211873081,7.99360772357724
"5071236","Red Bull New York","Charlotte FC",2026-07-25,0,2,2.25,0.62,3785,673,6.57063394683027,7.46109856262834
"5071231","Columbus Crew","FC Cincinnati",2026-07-25,2,1,2.35,1.06,1474,1680,7.32409183673469,6.94240609137056
"5071233","CF Montreal","Inter Miami CF",2026-07-25,0,1,2.04,1.81,1162,1237,6.64915991902834,7.41523761375126
"5071232","DC United","Toronto FC",2026-07-25,2,1,2.02,1.34,668,2243,7.32228426395939,6.69429726996967
"5071234","New England Revolution","Atlanta United",2026-07-25,4,1,2.16,1.66,1377,1550,7.60823232323232,6.07857575757576
"5071235","New York City FC","Chicago Fire FC",2026-07-25,3,1,1.47,1.75,1267,1170,7.52215526046987,6.24223232323232
"5071238","Philadelphia Union","Seattle Sounders FC",2026-07-25,1,0,1.21,0.36,1339,1150,7.43252780586451,6.46438383838384
"5071239","Houston Dynamo FC","Austin FC",2026-07-26,3,0,1.73,0.86,816,1807,7.48464759959142,6.20755600814664
"5071241","Minnesota United","Vancouver Whitecaps",2026-07-26,0,0,0.97,0.46,496,1823,7.11690329218107,7.06437815975733
"5071245","St. Louis City","Colorado Rapids",2026-07-26,1,0,0.91,0.1,2626,268,7.24037601626016,6.45218201754386
"5071237","Orlando City","Nashville SC",2026-07-26,1,0,0.87,0.73,1878,1393,7.32618367346939,6.52854398382204
"5071243","San Diego FC","FC Dallas",2026-07-26,1,0,1.29,0.48,3019,561,7.55451678535097,6.44415151515151
"5071240","Los Angeles FC","Sporting Kansas City",2026-07-26,4,0,1.37,0.56,747,1690,7.56572588832487,5.93212121212121
"5071242","Portland Timbers","Real Salt Lake",2026-07-26,2,1,2.21,0.21,2941,699,7.57202839756592,6.4997524219591
"5071244","San Jose Earthquakes","LA Galaxy",2026-07-26,1,1,3.55,1.31,2481,916,7.08321212121212,7.25794297352342
"5071246","New York City FC","Toronto FC",2026-07-31,1,1,2.21,1.16,1071,1123,6.91350305498982,7.0574569402229
"5071250","CF Montreal","New England Revolution",2026-08-01,2,2,0.77,4.13,1101,2074,7.06095918367347,7.11765784114053
"5071248","DC United","Nashville SC",2026-08-01,2,2,1.74,1.52,1230,1245,7.03479271991911,7.09246421267894
"5071252","Philadelphia Union","Atlanta United",2026-08-01,3,2,2.81,0.52,3772,443,7.29765419615774,6.61928104575163
"5071251","Red Bull New York","Orlando City",2026-08-01,3,2,3.6,3.68,2052,1771,7.53173469387755,6.87321175278622
"5071253","Vancouver Whitecaps","Los Angeles FC",2026-08-01,1,1,2.51,0.3,2908,195,7.25651731160896,7.18342424242424
"5071249","Inter Miami CF","Columbus Crew",2026-08-02,2,2,1.61,1.07,1238,1647,6.83316430020284,6.70943204868154
"5071254","Chicago Fire FC","Charlotte FC",2026-08-02,2,1,0.94,0.78,1317,1882,7.43898580121704,6.69544806517312
"5071258","Minnesota United","San Diego FC",2026-08-02,1,1,1.06,1.79,1284,1586,6.9990404040404,7.41794506612411
"5071256","Sporting Kansas City","Houston Dynamo FC",2026-08-02,0,2,0.21,1.89,714,2674,6.07826180257511,7.72572016460905
"5071260","St. Louis City","Real Salt Lake",2026-08-02,1,1,1.75,1.51,3240,747,7.31674465920651,6.80347165991903
"5071255","Colorado Rapids","Austin FC",2026-08-02,1,0,2.95,1.22,3286,412,7.40012244897959,6.75454545454545
"5071247","FC Cincinnati","San Jose Earthquakes",2026-08-02,4,2,2.67,1.42,2491,845,7.43468020304569,6.5932304526749
"5071257","LA Galaxy","FC Dallas",2026-08-02,0,0,1.28,1.65,1899,1646,7.39791497975709,7.18772727272727
"5071259","Portland Timbers","Seattle Sounders FC",2026-08-02,2,1,1.77,1.43,2049,979,7.62334010152284,6.66141248720573
"5071021","New England Revolution","Houston Dynamo FC",2026-08-08,0,2,0.4,0.83,1640,1002,6.5574062816616,7.57336082474227
"5071261","Atlanta United","Red Bull New York",2026-08-15,2,1,2.25,1.9,1813,1796,7.60525458248472,6.69016227180527
"5071263","CF Montreal","DC United",2026-08-15,1,1,2.35,0.71,2513,1053,7.02127401415571,7.17614604462475
"5071262","Charlotte FC","Columbus Crew",2026-08-15,3,1,1.98,2.15,1015,3206,7.25632218844985,6.6579797979798
"5071264","Orlando City","FC Cincinnati",2026-08-15,1,1,1.66,1.62,1508,1288,7.09216904276986,7.07197168857432
"5071265","Toronto FC","New England Revolution",2026-08-15,2,1,0.24,2.29,846,3797,7.1216091954023,6.77234390992835
"5071268","Houston Dynamo FC","LA Galaxy",2026-08-16,1,0,1.29,0.96,1550,942,7.10990825688073,6.47791013584117
"5071270","Nashville SC","Inter Miami CF",2026-08-16,4,1,2.36,2.23,1708,967,7.68492354740061,6.26979716024341
"5071267","Colorado Rapids","Sporting Kansas City",2026-08-16,2,0,2.92,0.98,3045,178,7.67091463414634,6.23652452025586
"5071271","Real Salt Lake","Minnesota United",2026-08-16,1,1,2.39,2.05,1339,1681,7.2265784114053,7.03543059777102
"5071269","Los Angeles FC","San Diego FC",2026-08-16,0,1,0.94,1.14,897,1446,6.797004048583,7.20123469387755
"5071272","San Jose Earthquakes","St. Louis City",2026-08-16,1,3,0.19,2.63,768,2329,6.33478787878788,7.78970647773279
"5071273","Chicago Fire FC","Portland Timbers",2026-08-16,2,1,1.23,1.1,1101,2226,7.20812627291242,6.75541497975709
"5071274","New York City FC","Philadelphia Union",2026-08-16,2,3,2.53,2.83,845,1876,6.40066666666667,7.62387878787879
"5071266","Austin FC","FC Dallas",2026-08-17,1,2,0.62,1.49,1399,1359,6.39998981670061,7.40459183673469
"5071275","Seattle Sounders FC","Vancouver Whitecaps",2026-08-17,0,2,0.68,2.06,647,1935,6.36016243654822,7.70610547667343
"5071277","Columbus Crew","CF Montreal",2026-08-19,1,2,0.31,1.52,1471,1457,6.45587878787879,7.33786868686869
"5071278","DC United","New England Revolution",2026-08-19,0,3,1.83,3.03,1730,2527,6.35216380182002,7.87602459016393
"5071276","FC Cincinnati","New York City FC",2026-08-19,2,1,1.18,1.86,1318,1385,7.52377416073245,6.65493374108053
"5071280","Orlando City","Chicago Fire FC",2026-08-19,1,2,1.91,1.36,2291,849,6.81960606060606,7.22392675483215
"5071281","Philadelphia Union","Inter Miami CF",2026-08-19,2,2,2.99,1.73,2111,801,7.21271047227926,6.88917087967644
"5071279","Red Bull New York","Nashville SC",2026-08-19,0,1,2.27,1.28,2381,1130,6.99105263157895,7.14669371196755
"5071282","Toronto FC","Charlotte FC",2026-08-19,3,3,1.84,1.41,1496,2193,6.96110638297872,6.94426693629929
"5071284","Sporting Kansas City","St. Louis City",2026-08-20,1,1,1.3,0.52,1900,1067,7.07625884732053,6.93699386503067
"5071286","Minnesota United","Atlanta United",2026-08-20,1,2,2.11,0.95,1933,880,6.51042424242424,7.5399591002045
"5071283","Colorado Rapids","Los Angeles FC",2026-08-20,1,0,2.21,0.41,1296,781,7.21556237218814,6.40577709611452
"5071288","Real Salt Lake","FC Dallas",2026-08-20,3,4,1.45,1.54,2064,1547,6.74570707070707,7.24486788617886
"5071289","Seattle Sounders FC","Austin FC",2026-08-20,1,2,1.23,1.12,1413,1589,6.76761133603239,7.43138383838384
"5071285","LA Galaxy","San Jose Earthquakes",2026-08-20,1,0,1.35,2.36,921,2211,7.4352401280683,6.85188888888889
"5071287","Portland Timbers","San Diego FC",2026-08-20,3,1,1.5,1.57,684,3165,7.55717213114754,6.64043434343434
"5071290","Vancouver Whitecaps","Houston Dynamo FC",2026-08-20,0,1,1.42,0.66,2803,330,6.85378296146045,7.22460606060606
"5071294","CF Montreal","LA Galaxy",2026-08-22,2,2,1.92,1.21,2301,638,6.98869520897044,6.90695833333333
"5071291","Charlotte FC","DC United",2026-08-22,3,1,1.81,1.27,1852,710,7.31267548321465,6.39678498985801
"5071292","FC Cincinnati","Seattle Sounders FC",2026-08-22,1,1,2.12,1.67,2274,949,7.14937246963563,6.96763397371082
"5071293","Inter Miami CF","Toronto FC",2026-08-22,1,2,1.78,0.6,2097,931,6.48612121212121,7.27173957273652
"5071296","Orlando City","Real Salt Lake",2026-08-22,2,1,1.77,0.5,2187,531,7.04511675126904,6.52816161616162
"5071295","Red Bull New York","Chicago Fire FC",2026-08-22,1,1,0.63,0.96,1246,1141,6.95379695431472,6.93101020408163
"5071299","Nashville SC","Columbus Crew",2026-08-23,3,2,0.67,0.3,2030,843,7.2658215010142,6.29826175869121
"5071302","St. Louis City","Houston Dynamo FC",2026-08-23,2,1,1.65,1.66,1697,1550,7.33478260869565,6.65249492900609
"5071297","Austin FC","Philadelphia Union",2026-08-23,1,1,1.6,1.05,1709,1815,6.91298780487805,7.07329625884732
"5071303","Vancouver Whitecaps","FC Dallas",2026-08-23,5,0,1.37,0.59,2742,593,7.91296032553408,5.827
"5071298","Los Angeles FC","Portland Timbers",2026-08-23,1,1,2.6,0.86,3459,237,7.39729292929293,6.96949494949495
"5071300","San Diego FC","Colorado Rapids",2026-08-23,3,0,1.33,0.51,618,1413,7.48172764227642,6.11787878787879
"5071301","San Jose Earthquakes","Minnesota United",2026-08-23,1,5,1.84,2,1533,1313,5.76818181818182,8.01229423868313
"5071305","New England Revolution","New York City FC",2026-08-23,1,1,2.91,1.47,2390,808,6.94728395061728,7.10356565656566
"5071304","Atlanta United","Sporting Kansas City",2026-08-23,2,1,1.8,0.64,1238,1789,7.22189898989899,6.60068895643364
"5071311","Seattle Sounders FC","Chicago Fire FC",2026-08-29,2,2,0.87,2.02,1414,1992,7.22221212121212,7.16041497975708
"5071308","DC United","Los Angeles FC",2026-08-29,0,0,1.23,1.8,1168,1890,7.07384771573604,7.35495412844037
"5071309","Inter Miami CF","CF Montréal",2026-08-29,7,1,3.14,0.95,2013,905,7.9349083503055,5.65480572597137
"5071310","Red Bull New York","Philadelphia Union",2026-08-29,1,3,2.05,2.53,1617,1489,6.50540404040404,7.72682926829268
"5071312","Toronto FC","New York City FC",2026-08-29,1,1,0.76,0.39,1669,884,6.96959595959596,6.89451515151515
"5071316","Minnesota United","Orlando City",2026-08-30,3,3,3.58,1.25,2159,583,7.11795731707317,6.78157407407407
"5071317","Nashville SC","FC Cincinnati",2026-08-30,4,0,1.8,1.93,1815,1174,7.93068437180797,6.13624746450304
"5071315","Sporting Kansas City","Vancouver Whitecaps",2026-08-30,0,3,0.38,2.97,768,1839,6.37172727272727,7.47512195121951
"5071313","Colorado Rapids","Real Salt Lake",2026-08-30,1,0,1.6,0.14,2900,350,7.42183013144591,6.32247706422018
"5071318","Portland Timbers","Austin FC",2026-08-30,1,2,2.03,1.18,1602,1179,6.75747711088505,7.19740778688525
"5071319","San Diego FC","LA Galaxy",2026-08-30,3,1,2.76,0.84,2126,1210,7.40785638859556,6.43241134751773
"5071307","Columbus Crew","New England Revolution",2026-08-30,1,3,0.4,1.45,836,2840,6.34946192893401,7.79743902439024
"5071320","St. Louis City","FC Dallas",2026-08-30,3,3,1.85,0.98,1346,1774,7.04828947368421,6.88573306370071
"5071321","New York City FC","Nashville SC",2026-09-04,0,0,1.03,1.6,746,2036,6.78747474747475,6.98153608247423
"5071322","Charlotte FC","Houston Dynamo FC",2026-09-05,0,0,0.76,0.96,1003,1889,6.7104347826087,7.35952525252525
"5071324","Columbus Crew","Colorado Rapids",2026-09-05,3,0,1.79,0.8,1405,1036,7.55376156217883,6.07985858585859
"5071326","Orlando City","San Diego FC",2026-09-05,1,0,2.14,0.47,1819,1125,7.21809090909091,6.6914459049545
"5071327","Philadelphia Union","CF Montréal",2026-09-05,2,0,2.95,1.18,1940,1021,7.60178828365879,6.51554545454545
"5071328","Toronto FC","Chicago Fire FC",2026-09-05,4,4,1.41,1.79,1431,1709,6.58246464646465,6.62721941354904
"5071329","Austin FC","San Jose Earthquakes",2026-09-06,1,1,1.23,1.03,1581,1499,6.91524242424242,7.00393340270552
"5071330","FC Dallas","Sporting Kansas City",2026-09-06,4,3,2.12,2.84,1022,2301,7.43785932721712,6.60230612244898
"5071334","Seattle Sounders FC","Red Bull New York",2026-09-06,0,0,2.08,0.91,2595,1011,7.07034552845528,7.11260958205912
"5071325","Inter Miami CF","Atlanta United",2026-09-06,2,2,1.65,3,974,1462,7.11948170731707,6.78500507614213
"5071331","LA Galaxy","New England Revolution",2026-09-06,2,1,1.47,2.64,573,2050,7.37631739572736,7.08722903885481
"5071333","Real Salt Lake","Los Angeles FC",2026-09-06,2,2,3.19,2.84,1863,1691,7.1039979757085,7.60145790554415
"5071332","Portland Timbers","Minnesota United",2026-09-06,5,4,3.19,2.98,1859,2163,6.93727646454265,6.51565922920893
"5071335","Vancouver Whitecaps","St. Louis City",2026-09-06,1,3,1.15,2.12,2082,711,6.42148676171079,7.58572874493927
"5071336","Atlanta United","Orlando City",2026-09-09,2,3,1.28,3.04,1131,1715,6.48616161616162,7.31307070707071
"5071338","CF Montréal","Charlotte FC",2026-09-09,1,2,1.23,1.78,2063,960,6.66108961303462,7.48211538461538
"5071337","DC United","Columbus Crew",2026-09-09,2,1,2.51,0.81,1058,2845,7.27461071789687,6.90181447502548
"5071341","Toronto FC","Nashville SC",2026-09-09,2,1,1.79,0.92,1589,1186,7.127,6.49322188449848
"5071340","Philadelphia Union","FC Cincinnati",2026-09-09,5,0,3.61,0.02,2072,327,7.71464646464646,5.87102620087336
"5071339","New York City FC","New England Revolution",2026-09-10,1,2,1.13,2.38,2111,828,7.09502527805865,7.30008088978766
"5071342","Austin FC","Colorado Rapids",2026-09-10,1,1,0.92,0.66,1237,858,6.94338085539715,6.83974541751528
"5071343","Chicago Fire FC","Inter Miami CF",2026-09-10,1,1,1.17,1.58,1276,1786,7.04061678463094,7.2330303030303
"5071344","Houston Dynamo FC","Real Salt Lake",2026-09-10,2,1,1.03,1.21,1002,1640,7.36686234817814,6.60715874620829
"5071346","Minnesota United","FC Dallas",2026-09-10,1,2,1.04,2.31,821,1652,6.73274390243902,7.39738821138211
"5071345","Los Angeles FC","Red Bull New York",2026-09-10,2,0,1.44,0.43,877,1694,7.46847320525784,6.63621926229508
"5071347","Portland Timbers","St. Louis City",2026-09-10,2,2,0.92,1.86,1183,1391,6.87748712667353,6.81458038422649
"5071348","San Diego FC","San Jose Earthquakes",2026-09-10,2,3,1.94,2.16,1154,858,6.37422839506173,7.17565656565657
"5071350","Vancouver Whitecaps","LA Galaxy",2026-09-10,3,0,2.37,0.66,2682,860,7.84512170385396,6.54591691995947
"5071352","Columbus Crew","Red Bull New York",2026-09-12,0,1,1.94,1.35,1522,1585,6.84964102564103,7.49828109201213
"5071353","DC United","Atlanta United",2026-09-12,0,0,0.19,1.62,698,2171,6.68083588175331,7.05753799392097
"5071351","FC Cincinnati","Charlotte FC",2026-09-12,3,3,2.29,2.07,4148,788,7.40074565883555,6.72362626262626
"5071354","Inter Miami CF","Nashville SC",2026-09-12,2,2,1.62,2.41,1981,1019,7.0950303030303,6.77844650205761
"5071355","Orlando City","Toronto FC",2026-09-12,3,0,1.96,2.85,1475,1535,7.44158585858586,6.60566666666667
"5071357","FC Dallas","Portland Timbers",2026-09-13,2,1,1.2,1.25,885,1628,7.26810728744939,6.69399185336049
"5071358","Sporting Kansas City","Los Angeles FC",2026-09-13,3,1,1.95,2.19,1443,2029,7.53796315250768,6.79559633027523
"5071362","St. Louis City","Minnesota United",2026-09-13,4,2,2.85,1.75,1479,937,7.39314141414141,6.4502569373073
"5071356","Colorado Rapids","CF Montréal",2026-09-13,1,0,2.07,0.73,1874,874,7.4427868852459,6.82960285132383
"5071360","Real Salt Lake","New York City FC",2026-09-13,0,2,1.09,0.51,1740,685,6.35538383838384,7.71095141700405
"5071359","LA Galaxy","Seattle Sounders FC",2026-09-13,1,1,2.48,2.2,1433,1941,7.2148432760364,7.05232323232323
"5071361","San Jose Earthquakes","Houston Dynamo FC",2026-09-13,1,0,1.38,1.02,1120,1685,7.37579055441478,6.63571138211382
"5071363","Chicago Fire FC","New England Revolution",2026-09-13,1,2,1.95,1.26,2706,1169,6.66772727272727,7.37990788126919
"5071364","Vancouver Whitecaps","Austin FC",2026-09-13,1,2,3.33,1.05,2567,220,6.63520812182741,7.21042857142857
"5071365","San Diego FC","Philadelphia Union",2026-09-14,0,5,1.21,2.75,1382,1654,5.88529051987768,7.87724032586558
"5071366","New York City FC","Red Bull New York",2026-09-18,0,1,2.58,1.74,2072,880,6.62425252525253,7.28536008230453
"5071368","CF Montréal","Columbus Crew",2026-09-19,0,2,0.64,1.01,1182,785,6.4520505050505,7.57826982492276
"5071367","DC United","Charlotte FC",2026-09-19,1,2,3.4,0.94,2734,1056,7.18939148073022,7.39293522267207
"5071369","New England Revolution","Orlando City",2026-09-19,4,2,2.22,1.5,2028,946,7.78333333333333,6.24567239635996
"5071370","San Jose Earthquakes","Los Angeles FC",2026-09-19,2,2,1.53,0.47,2699,734,7.11133333333333,7.14606874328679
"5071372","FC Dallas","Austin FC",2026-09-20,0,0,1.71,0.26,2167,654,6.93694726166329,7.04028426395939
"5071373","Houston Dynamo FC","FC Cincinnati",2026-09-20,2,2,1.2,3.72,480,2894,7.00199794026777,7.30834862385321
"5071375","Minnesota United","LA Galaxy",2026-09-20,2,3,2.18,1.95,1416,1928,6.74817901234568,7.29991911021234
"5071374","Sporting Kansas City","Philadelphia Union",2026-09-20,3,4,1.3,0.86,1592,1462,6.67867617107943,7.21989637305699
"5071379","St. Louis City","Toronto FC",2026-09-20,3,1,2.6,0.97,2341,976,7.39302443991853,6.57915151515151
"5071376","Nashville SC","Chicago Fire FC",2026-09-20,3,0,2.1,0.91,2777,1179,7.72458932238193,6.24125252525253
"5071378","Real Salt Lake","Vancouver Whitecaps",2026-09-20,0,3,1.42,2.58,1471,1677,6.38287878787879,7.56338399189463
"5071371","Colorado Rapids","Seattle Sounders FC",2026-09-20,3,3,1.68,0.86,1202,1425,6.81051829268293,6.9663479145473
"5071377","Portland Timbers","Atlanta United",2026-09-20,0,1,2.3,0.85,2602,651,6.84272081218274,7.29567761806982
"5071380","Inter Miami CF","San Diego FC",2026-09-20,2,2,1.75,1.56,1881,1110,7.18182370820669,7.20251769464105
"5071306","Atlanta United","Charlotte FC",2026-08-29,0,2,0.86,1.59,898,1636,6.62535353535354,7.39503048780488
"5071314","Houston Dynamo FC","San Jose Earthquakes",2026-08-29,0,0,0.7,1.33,579,1697,6.8477800407332,7.02885714285714
"5071094","Seattle Sounders FC","Real Salt Lake",2026-09-23,2,0,0.91,0.43,1587,979,7.51069246435845,6.56036437246964
"5071381","Atlanta United","New York City FC",2026-09-26,2,2,0.95,0.8,999,1158,6.84997963340122,6.82628282828283
"5071383","CF Montréal","FC Cincinnati",2026-09-26,3,1,2.07,1.97,428,2939,7.56176291793313,6.77466395112016
"5071382","Charlotte FC","Chicago Fire FC",2026-09-26,0,1,1.46,1.13,1096,2151,6.44517489711934,7.61712121212121
"5071385","Philadelphia Union","Orlando City",2026-09-26,4,2,2.93,1.1,1245,2034,7.46488253319714,6.67565217391304
"5071386","Austin FC","San Diego FC",2026-09-26,3,3,1.58,2.22,1798,1169,6.7720303030303,6.86899696048632
"5071388","FC Dallas","Los Angeles FC",2026-09-26,1,0,0.74,0.95,1601,1137,7.42194444444444,6.65643584521385
"5071389","Houston Dynamo FC","Sporting Kansas City",2026-09-26,0,2,1.28,1.2,1610,1666,6.45205976520811,7.39908080808081
"5071391","Nashville SC","Toronto FC",2026-09-26,2,0,2.57,0.52,3004,715,7.76736520854527,6.39478216818642
"5071394","Seattle Sounders FC","Minnesota United",2026-09-26,3,1,1.94,1.76,1911,1345,7.45310133060389,6.78346625766871
"5071392","Real Salt Lake","New England Revolution",2026-09-26,3,0,2.23,1.12,881,2712,7.61725888324873,6.40057026476578
"5071390","LA Galaxy","Colorado Rapids",2026-09-26,3,2,1.71,2.28,1603,1027,7.20241308793456,6.44501024590164
"5071393","San Jose Earthquakes","Portland Timbers",2026-09-26,3,1,1.04,1.33,1297,2404,7.48763931104357,6.59728744939271
"5071395","Vancouver Whitecaps","DC United",2026-09-26,3,3,1.81,2.8,2598,1895,7.20045918367347,7.26800407331976
"5071387","Columbus Crew","Inter Miami CF",2026-09-27,2,1,1.86,0.23,1377,989,7.34184426229508,6.55619144602851
"5071384","Red Bull New York","St. Louis City",2026-09-30,0,3,1.18,2.24,1399,1782,6.525,7.71087755102041
"5071349","Seattle Sounders FC","Sporting Kansas City",2026-10-01,2,1,1.7,2.05,1970,1410,7.50752024291498,7.06062626262626
"5071211","Chicago Fire FC","Vancouver Whitecaps",2026-10-06,3,1,3.86,1.09,1569,1980,7.57574317492417,6.53354903943377
