"date","home","away","win","draw","lose","kickoff_utc"
2026-10-04,"Gotham FC","Angel City FC",48,18,34,"2026-10-04T17:00:00"
2026-10-04,"Chicago Stars","Denver Summit FC",23,16,61,"2026-10-04T20:00:00"
2026-10-04,"Houston Dash","Washington Spirit",38,18,44,"2026-10-04T23:00:00"
2026-10-16,"Boston Legacy FC","Racing Louisville",53,17,30,"2026-10-17T00:00:00"
2026-10-17,"Washington Spirit","Gotham FC",45,18,37,"2026-10-17T16:30:00"
2026-10-17,"Utah Royals","Kansas City Current",48,18,34,"2026-10-17T22:30:00"
2026-10-17,"North Carolina Courage","San Diego Wave FC",46,18,36,"2026-10-17T23:00:00"
2026-10-17,"Denver Summit FC","Angel City FC",42,18,40,"2026-10-18T00:45:00"
2026-10-18,"Houston Dash","Orlando Pride",47,18,34,"2026-10-18T17:00:00"
2026-10-18,"Bay FC","Portland Thorns",41,18,41,"2026-10-18T21:00:00"
2026-10-18,"Chicago Stars","Seattle Reign FC",23,16,61,"2026-10-18T23:00:00"
