"team","pts_now","exp_pts","exp_rank","p_title","p_top8","massey_rtg","exp_rtg","luck"
"Gotham FC",55,60,1.2,83,100,0.36,0.21,0.15
"San Diego Wave FC",51,56,2.3,11,100,0.26,0.14,0.12
"Washington Spirit",49,54,2.8,6,100,0.22,0.19,0.04
"Utah Royals",46,50,4.8,0,98,0.14,0.13,0.01
"Angel City FC",43,48,6.1,0,91,0.14,0.19,-0.05
"Kansas City Current",44,48,6,0,91,0.12,0.1,0.02
"Portland Thorns",43,47,6.7,0,83,0.13,0.04,0.09
"North Carolina Courage",42,46,7.4,0,69,0.05,0.12,-0.07
"Seattle Reign FC",40,45,8.2,0,49,0.04,0.06,-0.01
"Denver Summit FC",38,43,9.4,0,18,0.04,0.07,-0.04
"Orlando Pride",33,36,11.4,0,0,-0.14,-0.08,-0.06
"Houston Dash",30,35,11.9,0,0,-0.14,-0.08,-0.05
"Boston Legacy FC",29,33,12.9,0,0,-0.19,-0.11,-0.08
"Bay FC",26,30,14,0,0,-0.26,-0.1,-0.16
"Racing Louisville",24,27,14.7,0,0,-0.31,-0.26,-0.06
"Chicago Stars",17,19,16,0,0,-0.47,-0.62,0.15
